"","Maso","f","Diem"
"1",1913014,53430,9
"2",1914807,0,10
"3",1915540,0,10
"4",1915541,0,10
"5",1913186,0,10
"6",1911591,0,10
"7",1912190,0,10
"8",1911704,0,10
"9",1915329,0,10
"10",1911186,270,9
"11",1912041,0,10
"12",1910666,0,10
"13",1914003,684660,9
"14",1914802,180,8.5
"15",1915130,0,10
"16",1915822,0,10
"17",1913355,0,10
"18",1914055,0,10
"19",1911931,0,9.5
"20",1913464,0,10
"21",1814096,30,9.5
"22",1913123,90,9
"23",1911796,60,9
"24",1937024,0,9.5
"25",1913094,0,10
"26",1916061,0,10
"27",1913114,0,10
"28",1913844,80,10
"29",1914038,0,10
"30",1914472,0,10
"31",1912602,0,10
"32",1914864,0,10
"33",1911262,0,10
"34",1937019,116775,3
"35",1913832,0,10
"36",1914845,0,10
"37",1914405,0,10
"38",1914474,30,9
"39",1913102,0,9.5
"40",1910620,0,10
"41",1912817,0,10
"42",1913386,0,10
"43",1915953,0,9.5
"44",1910032,0,10
"45",1915865,0,10
"46",1914121,0,9
"47",1915071,0,10
"48",1913433,30,9
"49",1910916,0,10
"50",1914052,100,7.5
"51",1911837,0,10
"52",1913075,0,10
"53",1913467,0,10
"54",1913917,120,9.5
"55",1915439,90,8
"56",1915482,0,10
"57",1913396,0,10
"58",1911136,0,10
"59",1912123,0,10
"60",1913341,60,9
"61",1913949,40,9
"62",1913356,0,9.5
"63",1912184,0,10
"64",1914227,60,9.5
"65",1914641,0,10
"66",1911881,40,9.5
"67",1911456,0,9
"68",1914768,30,9
"69",1913828,0,10
"70",1912761,60,7
"71",1913651,60,8.5
"72",1911185,0,10
"73",1910038,702060,9
"74",1910076,0,10
"75",1915905,90,7
"76",1913418,380,9
"77",1511191,0,10
"78",1915903,150,9
"79",1910409,0,10
"80",1910101,0,10
"81",1911044,0,10
"82",1912980,0,10
"83",1912715,0,10
"84",1914093,0,10
"85",1912811,0,10
"86",1915323,0,10
"87",1910238,0,10
"88",1910298,0,10
"89",1915939,30,9
"90",1910402,0,10
"91",1910865,30,9.5
"92",1911561,60,7
"93",1915268,60,9
"94",1911520,0,10
"95",1913268,0,10
"96",1912371,0,10
"97",1910113,0,10
"98",1914054,0,10
"99",1914738,0,10
"100",1914697,0,10
"101",1911478,0,10
"102",1915473,0,10
"103",1910644,0,10
"104",1914084,0,10
"105",1913652,0,10
"106",1910346,0,10
"107",1912056,40,9.5
"108",1913775,40,9.5
"109",1812478,0,8.5
"110",1915351,0,9.5
"111",1913021,0,9.5
"112",1913424,60,9.5
"113",1914220,0,10
"114",1913817,60,7.5
"115",1936024,30,9
"116",1914126,0,10
"117",1914677,0,10
"118",1910224,0,10
"119",1911066,0,10
"120",1913026,0,9.5
"121",1913380,0,10
"122",1913713,0,10
"123",1910137,0,10
"124",1911314,0,10
"125",1915146,0,9.5
"126",1911283,0,7.5
"127",1914291,0,10
"128",1911441,0,10
"129",1915040,30,9.5
"130",1913918,60,9.5
"131",1911569,0,10
"132",1927007,100,8.5
"133",1914720,30,5.5
"134",1915562,407040,9.5
"135",1915651,0,10
"136",1915557,0,10
"137",1912457,0,10
"138",1912410,30,9.5
"139",1914210,40,8.5
"140",1914352,60,8.5
"141",1912523,0,10
"142",1913729,0,10
"143",1912916,80,5
"144",1912288,0,10
"145",1914704,90,7.5
"146",1912676,30,9
"147",1910110,0,10
"148",1914384,30,9
"149",1913566,0,10
"150",1912522,0,10
"151",1911650,0,10
"152",1910339,154260,9
"153",1910565,0,10
"154",1813096,60,9.5
"155",1914659,0,10
"156",1915076,0,10
"157",1912594,0,10
"158",1912749,0,10
"159",1915251,0,10
"160",1912912,0,9
"161",1913261,0,10
"162",1911207,0,10
"163",1913048,1200,8.5
"164",1913241,0,10
"165",1910351,510,9.5
"166",1912579,606300,8.5
"167",1910643,0,10
"168",1910094,0,9
"169",1912966,120,8
"170",1914316,0,10
"171",1914022,0,10
"172",1911363,60,9
"173",1912539,0,10
"174",1915442,0,10
"175",1910892,0,10
"176",1913254,0,10
"177",1914979,80,9.5
"178",1913599,0,10
"179",1912683,0,10
"180",1913609,60,9.5
"181",1911900,150,9.5
"182",1915275,0,9.5
"183",1914914,0,10
"184",1912700,30,9.5
"185",1910123,0,10
"186",1915083,30,9.5
"187",1911000,0,10
"188",1915919,60,9.5
"189",1913032,210,9.5
"190",1915882,30,9.5
"191",1914674,60,7.5
"192",1910473,0,10
"193",1914806,0,9.5
"194",1915598,60,9.5
"195",1910202,0,10
"196",1913306,90,8.5
"197",1913758,0,10
"198",1910650,60,9
"199",1916022,30,8.5
"200",1914763,0,10
"201",1914881,0,10
"202",1912084,0,10
"203",1910276,120,9
"204",1911056,0,10
"205",1915294,0,10
"206",1912798,0,10
"207",1913621,0,10
"208",1915350,60,8.5
"209",1914880,0,10
"210",1915991,0,10
"211",1613010,30,7.5
"212",1915470,60,9
"213",1912463,0,10
"214",1915795,0,10
"215",1913334,0,8.5
"216",1812257,0,10
"217",1912267,0,10
"218",1913764,0,10
"219",1912237,120,9
"220",1911058,0,10
"221",1915378,30,8
"222",1914424,0,10
"223",1915982,0,10
"224",1911841,0,10
"225",1913756,60,9
"226",1911217,0,10
"227",1914047,60,9.5
"228",1814611,0,10
"229",1912046,60,8.5
"230",1911105,120,9.5
"231",1913944,30,9.5
"232",1915940,60,9.5
"233",1913228,0,10
"234",1915520,0,10
"235",1915486,0,10
"236",1911907,0,9
"237",1812477,60,9
"238",1937064,0,9.5
"239",1911878,0,9
"240",1914878,0,10
"241",1913763,0,10
"242",1914698,0,10
"243",1912675,0,10
"244",1913218,0,10
"245",1915656,0,10
"246",1914310,0,10
"247",1913336,0,10
"248",1914900,0,10
"249",1915988,0,10
"250",1915016,0,10
"251",1915063,0,10
"252",1915570,60,7.5
"253",1915745,0,10
"254",1915474,0,10
"255",1913695,0,10
"256",1914079,0,9.5
"257",1914064,0,10
"258",1913354,0,10
"259",1910347,0,10
"260",1910984,0,10
"261",1912954,90,9.5
"262",1912386,30,8
"263",1911015,0,10
"264",1915928,90,6.5
"265",1915775,234160,9.5
"266",1913260,0,10
"267",1914078,0,10
"268",1912958,0,10
"269",1814518,0,10
"270",1915551,0,9.5
"271",1912677,0,10
"272",1911736,0,10
"273",1852443,0,10
"274",1911296,0,10
"275",1914011,0,10
"276",1910198,0,10
"277",1911565,0,10
"278",1913629,0,10
"279",1914830,0,10
"280",1910006,60,9.5
"281",1915787,0,10
"282",1913430,0,10
"283",1913045,90,9.5
"284",1914477,0,10
"285",1911594,0,10
"286",1813528,0,10
"287",1913560,210,9
"288",1915161,0,10
"289",1914713,30,9
"290",1914651,0,8.5
"291",1820028,0,10
"292",1914685,30,9
"293",1913990,220,9.5
"294",1910265,0,10
"295",1913678,0,10
"296",1914661,120,3
"297",1915667,0,10
"298",1912705,0,10
"299",1915983,40,9.5
"300",1915866,0,10
"301",1914232,0,10
"302",1911530,0,10
"303",1911110,160,8.5
"304",1911975,150,4.5
"305",1913446,0,9
"306",1913419,0,9.5
"307",1911285,0,10
"308",1813681,0,9
"309",1912526,0,10
"310",1910060,0,10
"311",1915650,0,10
"312",1910663,0,10
"313",1913167,0,10
"314",1912713,0,10
"315",1912384,0,10
"316",1910735,0,10
"317",1913457,0,10
"318",1915133,0,10
"319",1915931,0,10
"320",1910563,0,10
"321",1913040,0,10
